race_id,date,race_datetime,horse_id,draw,weight,distance,field_size,age,handicap_points,history_missing,career_summary_missing,workout_missing,age_missing,handicap_missing,odds_missing,form_avg_3,form_avg_5,form_avg_10,form_var_5,last_run_perf,trend_3_10,days_since_last_race,fatigue_score,recovery_score,short_rest_flag,long_layoff_flag,race_frequency_3,race_frequency_5,seasonal_race_load,pace_hint,style_front_prob,style_presser_prob,style_stalker_prob,style_closer_prob,distance_fit,surface_fit,track_fit,history_avg_field_size,history_avg_weight,history_longshot_starts,history_longshot_place_rate,market_probability,implied_probability,odds,odds_log,odds_rank_fraction,odds_vs_field_median,finish_position,is_winner,jockey_change_upgrade,trainer_change_upgrade,class_drop_flag,workout_sudden_improvement,rest_optimal_fit,market_probability_norm,odds_rank_form_interaction,odds_rank_longshot_place_interaction,field_strength_index,opponent_strength_mean,expected_early_pace,pace_pressure,pace_suitability,career_starts,career_wins,career_places,last_year_starts,last_year_wins,last_year_places,jockey_horse_combo_starts,jockey_horse_combo_wins,trainer_win_rate,trainer_top3_rate,trainer_top5_rate,trainer_experience_log,trainer_stats_missing,history_avg_finish_position,history_avg_odds,history_avg_handicap_points,history_avg_race_time_seconds,history_avg_prize,workout_count,workout_avg_distance,workout_avg_speed_index,workout_best_speed_index,days_since_last_workout,is_placed,target_highest_odds_placer,track
20250501_99,2025-05-01,2025-05-01 12:35:00,H0250,1,57.3,1200.0,10.0,6.0,0.0,0.0,0.0,0.0,0.0,0.0,0.0,0.4882154882154882,0.494949494949495,0.505050505050505,0.0024487297214569,0.4545454545454546,-0.0168350168350167,1.0,0.1066905939456511,0.0181745025315751,1.0,0.0,1.5,1.6666666666666667,2.0,0.3858465525565008,0.5,0.5,0.0,0.0,0.5529810298102992,0.5529810298102992,0.5529810298102992,11.0,55.45,240.0,0.0037037037037037,0.01,0.01,100.0,4.605170185988092,0.7777777777777778,0.6752705957070368,,0,0.0,0.0,0.0,0.0,0.8668778997501816,0.0090482322603703,0.3849607182940516,0.0028806584362139,0.4912878787878788,0.4908810325476992,-0.1028744399110197,0.495,0.2525,0.0,0.0,0.0,0.0,0.0,0.0,0.0,0.0,0.0,0.0,0.0,0.0,0.0,0.0,0.0,0.0,0.0,0.0,0.0,0.0,0.0,0.0,0.0,,,IZMIR
20250501_01,2025-04-30,2025-05-01 12:35:00,H0250,1,57.3,1200.0,10.0,6.0,0.0,0.0,0.0,0.0,0.0,0.0,0.0,0.4882154882154882,0.494949494949495,0.505050505050505,0.0024487297214569,0.4545454545454546,-0.0168350168350167,1.0,0.1066905939456511,0.0181745025315751,1.0,0.0,1.5,1.6666666666666667,2.0,0.3858465525565008,0.5,0.5,0.0,0.0,0.5529810298102992,0.5529810298102992,0.5529810298102992,11.0,55.45,240.0,0.0037037037037037,0.01,0.01,100.0,4.605170185988092,0.7777777777777778,0.6752705957070368,,0,0.0,0.0,0.0,0.0,0.8668778997501816,0.0090482322603703,0.3849607182940516,0.0028806584362139,0.4912878787878788,0.4908810325476992,-0.1028744399110197,0.495,0.2525,0.0,0.0,0.0,0.0,0.0,0.0,0.0,0.0,0.0,0.0,0.0,0.0,0.0,0.0,0.0,0.0,0.0,0.0,0.0,0.0,0.0,0.0,0.0,,,ANKARA
20250501_01,2025-05-01,2025-05-01 12:35:00,H0250,1,57.3,1200.0,10.0,6.0,0.0,0.0,0.0,0.0,0.0,0.0,0.0,0.4882154882154882,0.494949494949495,0.505050505050505,0.0024487297214569,0.4545454545454546,-0.0168350168350167,1.0,0.1066905939456511,0.0181745025315751,1.0,0.0,1.5,1.6666666666666667,2.0,0.3858465525565008,0.5,0.5,0.0,0.0,0.5529810298102992,0.5529810298102992,0.5529810298102992,11.0,55.45,240.0,0.0037037037037037,0.01,0.01,100.0,4.605170185988092,0.7777777777777778,0.6752705957070368,,0,0.0,0.0,0.0,0.0,0.8668778997501816,0.0090482322603703,0.3849607182940516,0.0028806584362139,0.4912878787878788,0.4908810325476992,-0.1028744399110197,0.495,0.2525,0.0,0.0,0.0,0.0,0.0,0.0,0.0,0.0,0.0,0.0,0.0,0.0,0.0,0.0,0.0,0.0,0.0,0.0,0.0,0.0,0.0,0.0,0.0,,,ANKARA
20250501_01,2025-05-01,2025-05-01 12:35:00,H0080,2,57.0,1200.0,10.0,4.0,0.0,0.0,0.0,0.0,0.0,0.0,0.0,0.8796296296296297,0.8805555555555555,0.8819444444444444,4.6296296296295976e-05,0.875,-0.0023148148148147,1.0,0.1066905939456511,0.0242253199666151,1.0,0.0,1.5,1.6666666666666667,2.0,-0.7630572096947675,0.5,0.0,0.0,0.5,0.8781842818428164,0.8781842818428164,0.8781842818428164,9.5,55.35000000000001,240.0,0.991358024691358,0.0795055187398248,0.0794912559618442,12.58,2.5321082512722946,0.1111111111111111,-1.3977913390087604,,0,0.0,0.0,0.0,0.0,0.8668778997501816,0.0719384399539161,0.0978395061728395,0.1101508916323731,0.4912878787878788,0.4480359147025814,-0.1028744399110197,0.495,0.5,0.0,0.0,0.0,0.0,0.0,0.0,0.0,0.0,0.0,0.0,0.0,0.0,0.0,0.0,0.0,0.0,0.0,0.0,0.0,0.0,0.0,0.0,0.0,,,ANKARA
20250501_01,2025-05-01,2025-05-01 12:35:00,H0220,3,54.5,1200.0,10.0,6.0,0.0,0.0,0.0,0.0,0.0,0.0,0.0,0.4444444444444444,0.4444444444444445,0.4444444444444445,3.0814879110195774e-33,0.4444444444444444,-5.551115123125783e-17,1.0,0.1066905939456511,0.0848830241173878,1.0,0.0,1.0,1.0,1.0,-1.112411471983418,0.0,0.0,0.0,1.0,0.444579945799457,0.444579945799457,0.444579945799457,10.0,54.5,120.0,0.0073170731707317,0.01,0.01,100.0,4.605170185988092,0.7777777777777778,0.6752705957070368,,0,0.0,0.0,0.0,0.0,1.0,0.0090482322603703,0.345679012345679,0.0056910569105691,0.4912878787878788,0.4964927048260381,-0.1028744399110197,0.495,0.495,0.0,0.0,0.0,0.0,0.0,0.0,0.0,0.0,0.0,0.0,0.0,0.0,0.0,0.0,0.0,0.0,0.0,0.0,0.0,0.0,0.0,0.0,0.0,,,ANKARA
20250501_01,2025-05-01,2025-05-01 12:35:00,H0139,4,56.2,1200.0,10.0,4.0,0.0,0.0,0.0,0.0,0.0,0.0,0.0,1.0,1.0,1.0,0.0,1.0,0.0,1.0,0.1066905939456511,0.0218812709361304,1.0,0.0,1.5,1.6666666666666667,2.0,1.191142953088865,0.5,0.0,0.5,0.0,0.9865853658536584,0.9865853658536584,0.9932098765432098,8.5,56.5,0.0,0.3,0.8168141644059042,0.819672131147541,1.22,0.1988508587451651,0.0,-3.73104873153589,,0,0.0,0.0,0.0,0.0,0.8668778997501816,0.7390724273104936,0.0,0.0,0.4912878787878788,0.4347643097643098,-0.1028744399110197,0.495,0.2525,0.0,0.0,0.0,0.0,0.0,0.0,0.0,0.0,0.0,0.0,0.0,0.0,0.0,0.0,0.0,0.0,0.0,0.0,0.0,0.0,0.0,0.0,0.0,,,ANKARA
20250501_01,2025-05-01,2025-05-01 12:35:00,H0188,5,57.6,1200.0,10.0,6.0,0.0,0.0,0.0,0.0,0.0,0.0,0.0,0.1111111111111111,0.1111111111111111,0.1111111111111111,0.0,0.1111111111111111,0.0,1.0,0.1066905939456511,0.0728006002392488,1.0,0.0,1.0,1.0,1.0,0.2627492251471385,0.0,1.0,0.0,0.0,0.1193766937669374,0.1193766937669374,0.1193766937669374,10.0,57.600000000000016,120.0,0.0073170731707317,0.0635494757575885,0.0635324015247776,15.74,2.756205242989257,0.2222222222222222,-1.1736943472917978,,0,0.0,0.0,0.0,0.0,1.0,0.0575010416679435,0.0246913580246913,0.0016260162601626,0.4912878787878788,0.5335297418630751,-0.1028744399110197,0.495,0.0,0.0,0.0,0.0,0.0,0.0,0.0,0.0,0.0,0.0,0.0,0.0,0.0,0.0,0.0,0.0,0.0,0.0,0.0,0.0,0.0,0.0,0.0,0.0,,,ANKARA
20250501_01,2025-05-01,2025-05-01 12:35:00,H0204,6,59.3,1200.0,10.0,3.0,0.0,0.0,0.0,0.0,0.0,0.0,0.0,0.0,0.0,0.0,0.0,0.0,0.0,1.0,0.1066905939456511,0.0691384203433468,1.0,0.0,1.0,1.0,1.0,0.4801434033916108,0.0,1.0,0.0,0.0,0.0109756097560975,0.0109756097560975,0.0109756097560975,10.0,59.29999999999998,120.0,0.0073170731707317,0.01,0.01,100.0,4.605170185988092,0.7777777777777778,0.6752705957070368,,0,0.0,0.0,0.0,0.0,1.0,0.0090482322603703,0.0,0.0056910569105691,0.4912878787878788,0.5458754208754208,-0.1028744399110197,0.495,0.0,0.0,0.0,0.0,0.0,0.0,0.0,0.0,0.0,0.0,0.0,0.0,0.0,0.0,0.0,0.0,0.0,0.0,0.0,0.0,0.0,0.0,0.0,0.0,,,ANKARA
20250501_01,2025-05-01,2025-05-01 12:35:00,H0224,7,56.1,1200.0,10.0,7.0,0.0,0.0,0.0,0.0,0.0,0.0,0.0,0.3333333333333333,0.3333333333333333,0.3333333333333333,0.0,0.3333333333333333,-5.551115123125783e-17,1.0,0.1066905939456511,0.080665924989919,1.0,0.0,1.0,1.0,1.0,-1.7445859869741926,0.0,0.0,0.0,1.0,0.3361788617886179,0.3361788617886179,0.3361788617886179,10.0,56.100000000000016,120.0,0.0073170731707317,0.01,0.01,100.0,4.605170185988092,0.7777777777777778,0.6752705957070368,,0,0.0,0.0,0.0,0.0,1.0,0.0090482322603703,0.2592592592592593,0.0056910569105691,0.4912878787878788,0.5088383838383839,-0.1028744399110197,0.495,0.495,0.0,0.0,0.0,0.0,0.0,0.0,0.0,0.0,0.0,0.0,0.0,0.0,0.0,0.0,0.0,0.0,0.0,0.0,0.0,0.0,0.0,0.0,0.0,,,ANKARA
20250501_01,2025-05-01,2025-05-01 12:35:00,H0208,8,57.3,1200.0,10.0,3.0,0.0,0.0,0.0,0.0,0.0,0.0,0.0,0.2222222222222222,0.2222222222222222,0.2222222222222222,7.703719777548943e-34,0.2222222222222222,-2.775557561562892e-17,1.0,0.1066905939456511,0.0766407903509879,1.0,0.0,1.0,1.0,1.0,0.9274384815581808,1.0,0.0,0.0,0.0,0.2277777777777772,0.2277777777777772,0.2277777777777772,10.0,57.29999999999998,120.0,0.0073170731707317,0.0385910369912207,0.0385951370127364,25.91,3.2546289945740186,0.4444444444444444,-0.6752705957070364,,0,0.0,0.0,0.0,0.0,1.0,0.0349180665865108,0.0987654320987654,0.0032520325203252,0.4912878787878788,0.5211840628507295,-0.1028744399110197,0.495,0.505,0.0,0.0,0.0,0.0,0.0,0.0,0.0,0.0,0.0,0.0,0.0,0.0,0.0,0.0,0.0,0.0,0.0,0.0,0.0,0.0,0.0,0.0,0.0,,,ANKARA
20250501_01,2025-05-01,2025-05-01 12:35:00,H0128,9,56.9,1200.0,10.0,6.0,0.0,0.0,0.0,0.0,0.0,0.0,0.0,0.6464646464646465,0.6484848484848486,0.6515151515151516,0.0002203856749311,0.6363636363636364,-0.005050505050505,1.0,0.1066905939456511,0.0198697918284919,1.0,0.0,1.5,1.6666666666666667,2.0,0.4544203382143629,0.0,1.0,0.0,0.0,0.6613821138211383,0.6490273101384206,0.6490273101384206,11.0,57.149999999999984,240.0,0.0037037037037037,0.0567280565996253,0.0567214974475326,17.63,2.869601996409779,0.3333333333333333,-1.060297593871276,,0,0.0,0.0,0.0,0.0,0.8668778997501816,0.0513288631792843,0.2161616161616161,0.0012345679012345,0.4912878787878788,0.4738215488215488,-0.1028744399110197,0.495,0.0,0.0,0.0,0.0,0.0,0.0,0.0,0.0,0.0,0.0,0.0,0.0,0.0,0.0,0.0,0.0,0.0,0.0,0.0,0.0,0.0,0.0,0.0,0.0,,,ANKARA
20250501_01,2025-05-01,2025-05-01 12:35:00,H0098,10,52.5,1200.0,10.0,5.0,0.0,0.0,0.0,0.0,0.0,0.0,0.0,0.7777777777777778,0.7777777777777778,0.7777777777777778,0.0,0.7777777777777778,0.0,1.0,0.1066905939456511,0.0987571355641804,1.0,0.0,1.0,1.0,1.0,-1.110430684414478,0.0,0.0,0.0,1.0,0.7697831978319767,0.7697831978319767,0.7697831978319767,10.0,52.5,120.0,0.9829268292682928,0.01,0.01,100.0,4.605170185988092,0.7777777777777778,0.6752705957070368,,0,0.0,0.0,0.0,0.0,1.0,0.0090482322603703,0.6049382716049383,0.7644986449864499,0.4912878787878788,0.4594556677890011,-0.1028744399110197,0.495,0.495,0.0,0.0,0.0,0.0,0.0,0.0,0.0,0.0,0.0,0.0,0.0,0.0,0.0,0.0,0.0,0.0,0.0,0.0,0.0,0.0,0.0,0.0,0.0,,,ANKARA
20250501_02,2025-05-01,2025-05-01 13:10:00,H0202,1,56.3,2000.0,9.0,3.0,0.0,0.0,0.0,0.0,0.0,0.0,0.0,0.5,0.5,0.5,0.0,0.5,0.0,1.0,0.1066905939456511,0.0870657724402712,1.0,0.0,1.0,1.0,1.0,1.4814555476589732,1.0,0.0,0.0,0.0,0.498780487804878,0.498780487804878,0.498780487804878,9.0,56.29999999999998,120.0,0.0073170731707317,0.1300352936179602,0.130039011703511,7.69,2.039920783517553,0.375,-0.1199480072748979,,0,0.0,0.0,0.0,0.0,1.0,0.10837406757975,0.1875,0.0027439024390243,0.5416666666666666,0.546875,0.4445899310363155,0.6333333333333333,0.3666666666666667,0.0,0.0,0.0,0.0,0.0,0.0,0.0,0.0,0.0,0.0,0.0,0.0,0.0,0.0,0.0,0.0,0.0,0.0,0.0,0.0,0.0,0.0,0.0,,,ISTANBUL
20250501_02,2025-05-01,2025-05-01 13:10:00,H0081,2,55.6,2000.0,9.0,7.0,0.0,0.0,0.0,0.0,0.0,0.0,0.0,0.0,0.0,0.0,0.0,0.0,0.0,1.0,0.1066905939456511,0.0691384203433468,1.0,0.0,1.0,1.0,1.0,-0.7435882288125641,0.0,0.0,0.0,1.0,0.0109756097560975,0.0109756097560975,0.0109756097560975,9.0,55.600000000000016,120.0,0.0073170731707317,0.0547028071677228,0.0547045951859956,18.28,2.905807566026004,0.75,0.7459387752335536,,0,0.0,0.0,0.0,0.0,1.0,0.0455904359182222,0.0,0.0054878048780487,0.5416666666666666,0.609375,0.4445899310363155,0.6333333333333333,0.6333333333333333,0.0,0.0,0.0,0.0,0.0,0.0,0.0,0.0,0.0,0.0,0.0,0.0,0.0,0.0,0.0,0.0,0.0,0.0,0.0,0.0,0.0,0.0,0.0,,,ISTANBUL
20250501_02,2025-05-01,2025-05-01 13:10:00,H0093,3,57.1,2000.0,9.0,3.0,0.0,0.0,0.0,0.0,0.0,0.0,0.0,0.25,0.25,0.25,0.0,0.25,0.0,1.0,0.1066905939456511,0.0776294625564884,1.0,0.0,1.0,1.0,1.0,-0.8222500172903203,0.0,0.0,0.0,1.0,0.2548780487804878,0.2548780487804878,0.2548780487804878,9.0,57.100000000000016,120.0,0.0073170731707317,0.115294171631395,0.1153402537485582,8.67,2.1598687907924505,0.5,0.0,,0,0.0,0.0,0.0,0.0,1.0,0.0960885156659218,0.125,0.0036585365853658,0.5416666666666666,0.578125,0.4445899310363155,0.6333333333333333,0.6333333333333333,0.0,0.0,0.0,0.0,0.0,0.0,0.0,0.0,0.0,0.0,0.0,0.0,0.0,0.0,0.0,0.0,0.0,0.0,0.0,0.0,0.0,0.0,0.0,,,ISTANBUL
20250501_02,2025-05-01,2025-05-01 13:10:00,H0258,4,53.1,2000.0,9.0,3.0,0.0,0.0,0.0,0.0,0.0,0.0,0.0,1.0,1.0,1.0,0.0,1.0,0.0,1.0,0.1066905939456511,0.1090968211956129,1.0,0.0,1.0,1.0,1.0,0.2023061918311935,0.0,1.0,0.0,0.0,0.9865853658536584,0.9865853658536584,0.9865853658536584,9.0,53.100000000000016,120.0,0.9829268292682928,0.1801552838978616,0.1801801801801802,5.55,1.713797927758343,0.25,-0.4460708630341075,,0,0.0,0.0,0.0,0.0,1.0,0.1501450903733667,0.25,0.2457317073170732,0.5416666666666666,0.484375,0.4445899310363155,0.6333333333333333,0.0,0.0,0.0,0.0,0.0,0.0,0.0,0.0,0.0,0.0,0.0,0.0,0.0,0.0,0.0,0.0,0.0,0.0,0.0,0.0,0.0,0.0,0.0,0.0,,,ISTANBUL
20250501_02,2025-05-01,2025-05-01 13:10:00,H0068,5,57.6,2000.0,9.0,4.0,0.0,0.0,0.0,0.0,0.0,0.0,0.0,0.875,0.875,0.875,0.0,0.875,0.0,1.0,0.1066905939456511,0.1031689091575331,1.0,0.0,1.0,1.0,1.0,0.8443851904853201,1.0,0.0,0.0,0.0,0.8646341463414634,0.8646341463414634,0.8646341463414634,9.0,57.600000000000016,120.0,0.9829268292682928,0.0268696371342526,0.0268672756582482,37.22,3.616846251214105,0.875,1.4569774604216543,,0,0.0,0.0,0.0,0.0,1.0,0.0223937039676793,0.765625,0.8600609756097561,0.5416666666666666,0.5,0.4445899310363155,0.6333333333333333,0.3666666666666667,0.0,0.0,0.0,0.0,0.0,0.0,0.0,0.0,0.0,0.0,0.0,0.0,0.0,0.0,0.0,0.0,0.0,0.0,0.0,0.0,0.0,0.0,0.0,,,ISTANBUL
20250501_02,2025-05-01,2025-05-01 13:10:00,H0136,6,55.8,2000.0,9.0,6.0,0.0,0.0,0.0,0.0,0.0,0.0,0.0,0.75,0.75,0.75,0.0,0.75,0.0,1.0,0.1066905939456511,0.0975278370407925,1.0,0.0,1.0,1.0,1.0,0.0114260555606593,0.0,0.0,1.0,0.0,0.7426829268292683,0.7426829268292683,0.7426829268292683,9.0,55.79999999999998,0.0,0.3,0.2066571018092414,0.2066115702479339,4.84,1.5769147207285403,0.125,-0.5829540700639102,,0,0.0,0.0,0.0,0.0,1.0,0.1722322462939145,0.09375,0.0375,0.5416666666666666,0.515625,0.4445899310363155,0.6333333333333333,0.0,0.0,0.0,0.0,0.0,0.0,0.0,0.0,0.0,0.0,0.0,0.0,0.0,0.0,0.0,0.0,0.0,0.0,0.0,0.0,0.0,0.0,0.0,0.0,,,ISTANBUL
20250501_02,2025-05-01,2025-05-01 13:10:00,H0192,7,56.2,2000.0,9.0,5.0,0.0,0.0,0.0,0.0,0.0,0.0,0.0,0.375,0.375,0.375,0.0,0.375,0.0,1.0,0.1066905939456511,0.0822244619780002,1.0,0.0,1.0,1.0,1.0,1.3289605904369892,1.0,0.0,0.0,0.0,0.3768292682926829,0.3768292682926829,0.3768292682926829,9.0,56.20000000000002,120.0,0.0073170731707317,0.0557430350602208,0.0557413600891861,17.94,2.88703285663065,0.625,0.7271640658381995,,0,0.0,0.0,0.0,0.0,1.0,0.046457383073747,0.234375,0.0045731707317073,0.5416666666666666,0.5625,0.4445899310363155,0.6333333333333333,0.3666666666666667,0.0,0.0,0.0,0.0,0.0,0.0,0.0,0.0,0.0,0.0,0.0,0.0,0.0,0.0,0.0,0.0,0.0,0.0,0.0,0.0,0.0,0.0,0.0,,,ISTANBUL
20250501_02,2025-05-01,2025-05-01 13:10:00,H0160,8,55.2,2000.0,9.0,3.0,0.0,0.0,0.0,0.0,0.0,0.0,0.0,0.125,0.125,0.125,0.0,0.125,0.0,1.0,0.1066905939456511,0.0732707477914728,1.0,0.0,1.0,1.0,1.0,0.8567939825665268,1.0,0.0,0.0,0.0,0.1329268292682927,0.1329268292682927,0.1329268292682927,9.0,55.20000000000002,120.0,0.0073170731707317,0.01,0.01,100.0,4.605170185988092,1.0,2.4453013951956413,,0,0.0,0.0,0.0,0.0,1.0,0.0083342040890952,0.125,0.0073170731707317,0.5416666666666666,0.59375,0.4445899310363155,0.6333333333333333,0.3666666666666667,0.0,0.0,0.0,0.0,0.0,0.0,0.0,0.0,0.0,0.0,0.0,0.0,0.0,0.0,0.0,0.0,0.0,0.0,0.0,0.0,0.0,0.0,0.0,,,ISTANBUL
20250501_02,2025-05-01,2025-05-01 13:10:00,H0040,9,56.9,2000.0,9.0,6.0,0.0,0.0,0.0,0.0,0.0,0.0,0.0,1.0,1.0,1.0,0.0,1.0,0.0,1.0,0.1066905939456511,0.1090968211956129,1.0,0.0,1.0,1.0,1.0,0.8418200668900618,1.0,0.0,0.0,0.0,0.9865853658536584,0.9865853658536584,0.9865853658536584,9.0,56.899999999999984,0.0,0.3,0.4204172939522314,0.4201680672268907,2.38,0.8671004876833833,0.0,-1.292768303109067,,0,0.0,0.0,0.0,0.0,1.0,0.350384353038303,0.0,0.0,0.5416666666666666,0.484375,0.4445899310363155,0.6333333333333333,0.3666666666666667,0.0,0.0,0.0,0.0,0.0,0.0,0.0,0.0,0.0,0.0,0.0,0.0,0.0,0.0,0.0,0.0,0.0,0.0,0.0,0.0,0.0,0.0,0.0,,,ISTANBUL
20250501_03,2025-05-01,2025-05-01 13:45:00,H0201,1,53.9,2000.0,7.0,4.0,0.0,0.0,0.0,0.0,0.0,0.0,0.0,0.5,0.5,0.5,0.0,0.5,0.0,1.0,0.1066905939456511,0.0870657724402712,1.0,0.0,1.0,1.0,1.0,-1.4768578168457318,0.0,0.0,0.0,1.0,0.498780487804878,0.498780487804878,0.498780487804878,7.0,53.899999999999984,120.0,0.0073170731707317,0.185830261818802,0.1858736059479554,5.38,1.682688374173693,0.3333333333333333,-0.4104094939536282,,0,0.0,0.0,0.0,0.0,1.0,0.1515777776411417,0.1666666666666666,0.0024390243902439,0.5238095238095238,0.5277777777777778,0.1392120498902563,0.5571428571428572,0.5571428571428572,0.0,0.0,0.0,0.0,0.0,0.0,0.0,0.0,0.0,0.0,0.0,0.0,0.0,0.0,0.0,0.0,0.0,0.0,0.0,0.0,0.0,0.0,0.0,,,ANKARA
20250501_03,2025-05-01,2025-05-01 13:45:00,H0116,2,56.4,2000.0,7.0,5.0,0.0,0.0,0.0,0.0,0.0,0.0,0.0,0.1666666666666666,0.1666666666666666,0.1666666666666666,0.0,0.1666666666666666,2.775557561562892e-17,1.0,0.1066905939456511,0.0746980128579574,1.0,0.0,1.0,1.0,1.0,1.067222416571983,1.0,0.0,0.0,0.0,0.1735772357723577,0.1735772357723577,0.1735772357723577,7.0,56.399999999999984,120.0,0.0073170731707317,0.01,0.01,100.0,4.605170185988092,0.9166666666666666,2.5120723178607705,,0,0.0,0.0,0.0,0.0,1.0,0.0081567865296848,0.1527777777777777,0.0067073170731707,0.5238095238095238,0.5833333333333334,0.1392120498902563,0.5571428571428572,0.4428571428571428,0.0,0.0,0.0,0.0,0.0,0.0,0.0,0.0,0.0,0.0,0.0,0.0,0.0,0.0,0.0,0.0,0.0,0.0,0.0,0.0,0.0,0.0,0.0,,,ANKARA
20250501_03,2025-05-01,2025-05-01 13:45:00,H0164,3,56.0,2000.0,7.0,6.0,0.0,0.0,0.0,0.0,0.0,0.0,0.0,0.3333333333333333,0.3333333333333333,0.3333333333333333,0.0,0.3333333333333333,-5.551115123125783e-17,1.0,0.1066905939456511,0.080665924989919,1.0,0.0,1.0,1.0,1.0,-0.3314881720972547,0.0,0.0,0.0,1.0,0.3361788617886179,0.3361788617886179,0.3361788617886179,7.0,56.0,120.0,0.0073170731707317,0.1233337938432682,0.1233045622688039,8.11,2.0930978681273213,0.5,0.0,,0,0.0,0.0,0.0,0.0,1.0,0.1006007428275701,0.1666666666666666,0.0036585365853658,0.5238095238095238,0.5555555555555556,0.1392120498902563,0.5571428571428572,0.5571428571428572,0.0,0.0,0.0,0.0,0.0,0.0,0.0,0.0,0.0,0.0,0.0,0.0,0.0,0.0,0.0,0.0,0.0,0.0,0.0,0.0,0.0,0.0,0.0,,,ANKARA
20250501_03,2025-05-01,2025-05-01 13:45:00,H0226,4,56.2,2000.0,7.0,7.0,0.0,0.0,0.0,0.0,0.0,0.0,0.0,1.0,1.0,1.0,0.0,1.0,0.0,1.0,0.1066905939456511,0.1090968211956129,1.0,0.0,1.0,1.0,1.0,1.114592444577377,1.0,0.0,0.0,0.0,0.9865853658536584,0.9865853658536584,0.9865853658536584,7.0,56.20000000000002,0.0,0.3,0.3452413715546228,0.3448275862068966,2.9,1.0647107369924282,0.1666666666666666,-1.028387131134893,,0,0.0,0.0,0.0,0.0,1.0,0.2816060168986677,0.1666666666666666,0.0499999999999999,0.5238095238095238,0.4444444444444445,0.1392120498902563,0.5571428571428572,0.4428571428571428,0.0,0.0,0.0,0.0,0.0,0.0,0.0,0.0,0.0,0.0,0.0,0.0,0.0,0.0,0.0,0.0,0.0,0.0,0.0,0.0,0.0,0.0,0.0,,,ANKARA
20250501_03,2025-05-01,2025-05-01 13:45:00,H0150,5,56.9,2000.0,7.0,5.0,0.0,0.0,0.0,0.0,0.0,0.0,0.0,0.0,0.0,0.0,0.0,0.0,0.0,1.0,0.1066905939456511,0.0691384203433468,1.0,0.0,1.0,1.0,1.0,0.3833771131824704,0.0,1.0,0.0,0.0,0.0109756097560975,0.0109756097560975,0.0109756097560975,7.0,56.899999999999984,120.0,0.0073170731707317,0.01,0.01,100.0,4.605170185988092,0.9166666666666666,2.5120723178607705,,0,0.0,0.0,0.0,0.0,1.0,0.0081567865296848,0.0,0.0067073170731707,0.5238095238095238,0.6111111111111112,0.1392120498902563,0.5571428571428572,0.0,0.0,0.0,0.0,0.0,0.0,0.0,0.0,0.0,0.0,0.0,0.0,0.0,0.0,0.0,0.0,0.0,0.0,0.0,0.0,0.0,0.0,0.0,0.0,,,ANKARA
20250501_03,2025-05-01,2025-05-01 13:45:00,H0139,6,56.8,2000.0,7.0,7.0,0.0,0.0,0.0,0.0,0.0,0.0,0.0,1.0,1.0,1.0,0.0,1.0,0.0,1.0,0.1066905939456511,0.0302756919869504,1.0,0.0,1.5,1.6666666666666667,2.0,-0.1311375302033449,0.5,0.0,0.5,0.0,0.9865853658536584,0.9865853658536584,0.9932098765432098,8.5,56.5,0.0,0.3,0.5176162660717719,0.5181347150259068,1.93,0.6575200029167941,0.0,-1.435577865210527,,0,0.0,0.0,0.0,0.0,0.8668778997501816,0.422208538664001,0.0,0.0,0.5238095238095238,0.4444444444444445,0.1392120498902563,0.5571428571428572,0.2214285714285714,0.0,0.0,0.0,0.0,0.0,0.0,0.0,0.0,0.0,0.0,0.0,0.0,0.0,0.0,0.0,0.0,0.0,0.0,0.0,0.0,0.0,0.0,0.0,,,ANKARA
20250501_03,2025-05-01,2025-05-01 13:45:00,H0065,7,52.0,2000.0,7.0,4.0,0.0,0.0,0.0,0.0,0.0,0.0,0.0,0.6666666666666666,0.6666666666666667,0.6666666666666667,0.0,0.6666666666666667,-1.1102230246251563e-16,1.0,0.1066905939456511,0.0939214960192712,1.0,0.0,1.0,1.0,1.0,0.3487758940462951,0.0,1.0,0.0,0.0,0.6613821138211383,0.6613821138211383,0.6613821138211383,7.0,52.0,120.0,0.9829268292682928,0.0339513003171846,0.0339558573853989,29.45,3.382693910097596,0.6666666666666666,1.2895960419702743,,0,0.0,0.0,0.0,0.0,1.0,0.0276933509092497,0.4444444444444445,0.6552845528455284,0.5238095238095238,0.5,0.1392120498902563,0.5571428571428572,0.0,0.0,0.0,0.0,0.0,0.0,0.0,0.0,0.0,0.0,0.0,0.0,0.0,0.0,0.0,0.0,0.0,0.0,0.0,0.0,0.0,0.0,0.0,0.0,,,ANKARA
20250501_04,2025-05-01,2025-05-01 14:20:00,H0091,1,55.6,1600.0,9.0,7.0,0.0,0.0,0.0,0.0,0.0,0.0,0.0,0.375,0.375,0.375,0.0,0.375,0.0,1.0,0.1066905939456511,0.0822244619780002,1.0,0.0,1.0,1.0,1.0,-0.0861006518210485,0.0,0.0,1.0,0.0,0.3768292682926829,0.3768292682926829,0.3768292682926829,9.0,55.600000000000016,120.0,0.0073170731707317,0.01,0.01,100.0,4.605170185988092,0.875,1.467504416545434,,0,0.0,0.0,0.0,0.0,1.0,0.0089413925809145,0.328125,0.0064024390243902,0.5339506172839505,0.5538194444444444,0.1886901791834321,0.4111111111111111,0.0,0.0,0.0,0.0,0.0,0.0,0.0,0.0,0.0,0.0,0.0,0.0,0.0,0.0,0.0,0.0,0.0,0.0,0.0,0.0,0.0,0.0,0.0,0.0,,,IZMIR
20250501_04,2025-05-01,2025-05-01 14:20:00,H0109,2,57.6,1600.0,9.0,6.0,0.0,0.0,0.0,0.0,0.0,0.0,0.0,0.0416666666666666,0.05,0.0625,0.00375,0.0,-0.0208333333333333,1.0,0.1066905939456511,0.0174782253302672,1.0,0.0,1.5,1.6666666666666667,2.0,0.7908061216900806,0.5,0.0,0.5,0.0,0.0672839506172839,0.1329268292682927,0.1329268292682927,10.5,55.40000000000001,240.0,0.0037037037037037,0.0312575817889332,0.0312597686777117,31.99,3.4654233539614268,0.625,0.327757584518769,,0,0.0,0.0,0.0,0.0,0.8668778997501816,0.0279486309904897,0.03125,0.0023148148148148,0.5339506172839505,0.5944444444444444,0.1886901791834321,0.4111111111111111,0.2944444444444444,0.0,0.0,0.0,0.0,0.0,0.0,0.0,0.0,0.0,0.0,0.0,0.0,0.0,0.0,0.0,0.0,0.0,0.0,0.0,0.0,0.0,0.0,0.0,,,IZMIR
20250501_04,2025-05-01,2025-05-01 14:20:00,H0243,3,56.7,1600.0,9.0,4.0,0.0,0.0,0.0,0.0,0.0,0.0,0.0,0.0,0.0,0.0,0.0,0.0,0.0,1.0,0.1066905939456511,0.0691384203433468,1.0,0.0,1.0,1.0,1.0,0.3446452262360523,0.0,1.0,0.0,0.0,0.0109756097560975,0.0109756097560975,0.0109756097560975,9.0,56.70000000000002,120.0,0.0073170731707317,0.0433849656120491,0.0433839479392624,23.05,3.1376657694426577,0.5,0.0,,0,0.0,0.0,0.0,0.0,1.0,0.0387922009646808,0.0,0.0036585365853658,0.5339506172839505,0.6006944444444444,0.1886901791834321,0.4111111111111111,0.0,0.0,0.0,0.0,0.0,0.0,0.0,0.0,0.0,0.0,0.0,0.0,0.0,0.0,0.0,0.0,0.0,0.0,0.0,0.0,0.0,0.0,0.0,0.0,,,IZMIR
20250501_04,2025-05-01,2025-05-01 14:20:00,H0080,4,53.7,1600.0,9.0,5.0,0.0,0.0,0.0,0.0,0.0,0.0,0.0,0.8796296296296297,0.8805555555555555,0.8819444444444444,4.6296296296295976e-05,0.875,-0.0023148148148147,1.0,0.1066905939456511,0.0284936467607267,1.0,0.0,1.5,1.6666666666666667,2.0,0.668326018107997,0.5,0.0,0.0,0.5,0.8646341463414634,0.8646341463414634,0.8646341463414634,9.5,55.35000000000001,240.0,0.991358024691358,0.1088964834265819,0.1089324618736383,9.18,2.217027204632399,0.375,-0.9206385648102589,,0,0.0,0.0,0.0,0.0,0.8668778997501816,0.0973686208998122,0.3302083333333333,0.3717592592592592,0.5339506172839505,0.490625,0.1886901791834321,0.4111111111111111,0.5,0.0,0.0,0.0,0.0,0.0,0.0,0.0,0.0,0.0,0.0,0.0,0.0,0.0,0.0,0.0,0.0,0.0,0.0,0.0,0.0,0.0,0.0,0.0,,,IZMIR
20250501_04,2025-05-01,2025-05-01 14:20:00,H0019,5,56.7,1600.0,9.0,3.0,0.0,0.0,0.0,0.0,0.0,0.0,0.0,1.0,1.0,1.0,0.0,1.0,0.0,1.0,0.1066905939456511,0.1090968211956129,1.0,0.0,1.0,1.0,1.0,-0.6883722822307594,0.0,0.0,0.0,1.0,0.9865853658536584,0.9865853658536584,0.9865853658536584,9.0,56.70000000000002,120.0,0.9829268292682928,0.01,0.01,100.0,4.605170185988092,0.875,1.467504416545434,,0,0.0,0.0,0.0,0.0,1.0,0.0089413925809145,0.875,0.8600609756097561,0.5339506172839505,0.4756944444444444,0.1886901791834321,0.4111111111111111,0.4111111111111111,0.0,0.0,0.0,0.0,0.0,0.0,0.0,0.0,0.0,0.0,0.0,0.0,0.0,0.0,0.0,0.0,0.0,0.0,0.0,0.0,0.0,0.0,0.0,,,IZMIR
20250501_04,2025-05-01,2025-05-01 14:20:00,H0254,6,55.6,1600.0,9.0,3.0,0.0,0.0,0.0,0.0,0.0,0.0,0.0,0.75,0.75,0.75,0.0,0.75,0.0,1.0,0.1066905939456511,0.0975278370407925,1.0,0.0,1.0,1.0,1.0,0.8978154084105481,1.0,0.0,0.0,0.0,0.7426829268292683,0.7426829268292683,0.7426829268292683,9.0,55.600000000000016,120.0,0.9829268292682928,0.1341857240387293,0.1342281879194631,7.45,2.0082140323914683,0.25,-1.1294517370511894,,0,0.0,0.0,0.0,0.0,1.0,0.1199807237384539,0.1875,0.2457317073170732,0.5339506172839505,0.5069444444444444,0.1886901791834321,0.4111111111111111,0.5888888888888889,0.0,0.0,0.0,0.0,0.0,0.0,0.0,0.0,0.0,0.0,0.0,0.0,0.0,0.0,0.0,0.0,0.0,0.0,0.0,0.0,0.0,0.0,0.0,,,IZMIR
20250501_04,2025-05-01,2025-05-01 14:20:00,H0126,7,52.8,1600.0,9.0,5.0,0.0,0.0,0.0,0.0,0.0,0.0,0.0,1.0,1.0,1.0,0.0,1.0,0.0,1.0,0.1066905939456511,0.1090968211956129,1.0,0.0,1.0,1.0,1.0,1.6289369476239914,1.0,0.0,0.0,0.0,0.9865853658536584,0.9865853658536584,0.9865853658536584,9.0,52.79999999999998,0.0,0.3,0.630747790117066,0.6289308176100629,1.59,0.4637340162321402,0.0,-2.6739317532105176,,0,0.0,0.0,0.0,0.0,1.0,0.5639763610980972,0.0,0.0,0.5339506172839505,0.4756944444444444,0.1886901791834321,0.4111111111111111,0.5888888888888889,0.0,0.0,0.0,0.0,0.0,0.0,0.0,0.0,0.0,0.0,0.0,0.0,0.0,0.0,0.0,0.0,0.0,0.0,0.0,0.0,0.0,0.0,0.0,,,IZMIR
20250501_04,2025-05-01,2025-05-01 14:20:00,H0115,8,52.8,1600.0,9.0,4.0,0.0,0.0,0.0,0.0,0.0,0.0,0.0,0.25,0.25,0.25,0.0,0.25,0.0,1.0,0.1066905939456511,0.0776294625564884,1.0,0.0,1.0,1.0,1.0,-0.9701495196514126,0.0,0.0,0.0,1.0,0.2548780487804878,0.2548780487804878,0.2548780487804878,9.0,52.79999999999998,120.0,0.0073170731707317,0.01,0.01,100.0,4.605170185988092,0.875,1.467504416545434,,0,0.0,0.0,0.0,0.0,1.0,0.0089413925809145,0.21875,0.0064024390243902,0.5339506172839505,0.5694444444444444,0.1886901791834321,0.4111111111111111,0.4111111111111111,0.0,0.0,0.0,0.0,0.0,0.0,0.0,0.0,0.0,0.0,0.0,0.0,0.0,0.0,0.0,0.0,0.0,0.0,0.0,0.0,0.0,0.0,0.0,,,IZMIR
20250501_04,2025-05-01,2025-05-01 14:20:00,H0199,9,56.8,1600.0,9.0,7.0,0.0,0.0,0.0,0.0,0.0,0.0,0.0,0.5,0.5,0.5,0.0,0.5,0.0,1.0,0.1066905939456511,0.0870657724402712,1.0,0.0,1.0,1.0,1.0,-0.8876956557145598,0.0,0.0,0.0,1.0,0.498780487804878,0.498780487804878,0.498780487804878,9.0,56.79999999999998,120.0,0.0073170731707317,0.1399214758031864,0.1398601398601398,7.15,1.9671123567059163,0.125,-1.1705534127367414,,0,0.0,0.0,0.0,0.0,1.0,0.1251092845657224,0.0625,0.0009146341463414,0.5339506172839505,0.5381944444444444,0.1886901791834321,0.4111111111111111,0.4111111111111111,0.0,0.0,0.0,0.0,0.0,0.0,0.0,0.0,0.0,0.0,0.0,0.0,0.0,0.0,0.0,0.0,0.0,0.0,0.0,0.0,0.0,0.0,0.0,,,IZMIR
20250501_05,2025-05-01,2025-05-01 14:55:00,H0039,1,53.6,1800.0,12.0,7.0,0.0,0.0,0.0,0.0,0.0,0.0,0.0,0.818181818181818,0.8181818181818181,0.8181818181818181,0.0,0.8181818181818181,-1.1102230246251563e-16,1.0,0.1066905939456511,0.1005698313894105,1.0,0.0,1.0,1.0,1.0,0.241659719820838,0.0,1.0,0.0,0.0,0.8092017738359187,0.8092017738359187,0.8092017738359187,12.0,53.600000000000016,120.0,0.9829268292682928,0.1144498880700841,0.11441647597254,8.74,2.167910189667444,0.2727272727272727,-0.9537630924724732,,0,0.0,0.0,0.0,0.0,1.0,0.1326446337740331,0.2231404958677685,0.2680709534368071,0.52003367003367,0.4929292929292929,-0.0817159872710776,0.4583333333333333,0.0,0.0,0.0,0.0,0.0,0.0,0.0,0.0,0.0,0.0,0.0,0.0,0.0,0.0,0.0,0.0,0.0,0.0,0.0,0.0,0.0,0.0,0.0,0.0,,,ISTANBUL
20250501_05,2025-05-01,2025-05-01 14:55:00,H0194,2,57.5,1800.0,12.0,5.0,0.0,0.0,0.0,0.0,0.0,0.0,0.0,0.1212121212121211,0.109090909090909,0.0909090909090908,0.0079338842975206,0.1818181818181817,0.0303030303030302,1.0,0.1066905939456511,0.0203172687122127,1.0,0.0,1.5,1.6666666666666667,2.0,-1.7749620596421285,0.0,0.0,0.5,0.5,0.0953423120089788,0.0109756097560975,0.0109756097560975,12.0,55.95,240.0,0.0037037037037037,0.0462266082220831,0.0462320850670365,21.63,3.0740812399649675,0.4545454545454545,-0.0475920421749496,,0,0.0,0.0,0.0,0.0,0.8668778997501816,0.0535755134551039,0.0495867768595041,0.0016835016835016,0.52003367003367,0.5573921028466482,-0.0817159872710776,0.4583333333333333,0.2291666666666666,0.0,0.0,0.0,0.0,0.0,0.0,0.0,0.0,0.0,0.0,0.0,0.0,0.0,0.0,0.0,0.0,0.0,0.0,0.0,0.0,0.0,0.0,0.0,,,ISTANBUL
20250501_05,2025-05-01,2025-05-01 14:55:00,H0211,3,57.4,1800.0,12.0,4.0,0.0,0.0,0.0,0.0,0.0,0.0,0.0,0.1818181818181817,0.1818181818181817,0.1818181818181817,0.0,0.1818181818181817,2.775557561562892e-17,1.0,0.1066905939456511,0.0752233257725244,1.0,0.0,1.0,1.0,1.0,0.5154104029008109,0.0,1.0,0.0,0.0,0.1883592017738362,0.1883592017738362,0.1883592017738362,12.0,57.399999999999984,120.0,0.0073170731707317,0.01,0.01,100.0,4.605170185988092,0.8181818181818182,1.483496903848175,,0,0.0,0.0,0.0,0.0,1.0,0.0115897565310686,0.1487603305785123,0.0059866962305986,0.52003367003367,0.5507805325987144,-0.0817159872710776,0.4583333333333333,0.0,0.0,0.0,0.0,0.0,0.0,0.0,0.0,0.0,0.0,0.0,0.0,0.0,0.0,0.0,0.0,0.0,0.0,0.0,0.0,0.0,0.0,0.0,0.0,,,ISTANBUL
20250501_05,2025-05-01,2025-05-01 14:55:00,H0027,4,56.4,1800.0,12.0,6.0,0.0,0.0,0.0,0.0,0.0,0.0,0.0,0.5454545454545454,0.5454545454545454,0.5454545454545453,0.0,0.5454545454545454,1.1102230246251563e-16,1.0,0.1066905939456511,0.0888892920715003,1.0,0.0,1.0,1.0,1.0,-0.5775388873556505,0.0,0.0,0.0,1.0,0.5431263858093134,0.5431263858093134,0.5431263858093134,12.0,56.399999999999984,120.0,0.0073170731707317,0.01,0.01,100.0,4.605170185988092,0.8181818181818182,1.483496903848175,,0,0.0,0.0,0.0,0.0,1.0,0.0115897565310686,0.4462809917355372,0.0059866962305986,0.52003367003367,0.5177226813590449,-0.0817159872710776,0.4583333333333333,0.4583333333333333,0.0,0.0,0.0,0.0,0.0,0.0,0.0,0.0,0.0,0.0,0.0,0.0,0.0,0.0,0.0,0.0,0.0,0.0,0.0,0.0,0.0,0.0,0.0,,,ISTANBUL
20250501_05,2025-05-01,2025-05-01 14:55:00,H0250,5,53.6,1800.0,12.0,5.0,0.0,0.0,0.0,0.0,0.0,0.0,0.0,0.4882154882154882,0.494949494949495,0.505050505050505,0.0024487297214569,0.4545454545454546,-0.0168350168350167,1.0,0.1066905939456511,0.0232166782137272,1.0,0.0,1.5,1.6666666666666667,2.0,1.274447216941239,0.5,0.5,0.0,0.0,0.4544345898004427,0.4544345898004427,0.4544345898004427,11.0,55.45,240.0,0.0037037037037037,0.0420353392737187,0.0420344682639764,23.79,3.1692653243148663,0.5454545454545454,0.0475920421749491,,0,0.0,0.0,0.0,0.0,0.8668778997501816,0.0487179347883267,0.2699724517906336,0.002020202020202,0.52003367003367,0.5223140495867769,-0.0817159872710776,0.4583333333333333,0.2708333333333333,0.0,0.0,0.0,0.0,0.0,0.0,0.0,0.0,0.0,0.0,0.0,0.0,0.0,0.0,0.0,0.0,0.0,0.0,0.0,0.0,0.0,0.0,0.0,,,ISTANBUL
20250501_05,2025-05-01,2025-05-01 14:55:00,H0251,6,56.4,1800.0,12.0,4.0,0.0,0.0,0.0,0.0,0.0,0.0,0.0,0.7272727272727272,0.7272727272727273,0.7272727272727273,0.0,0.7272727272727273,-1.1102230246251563e-16,1.0,0.1066905939456511,0.0965322176528943,1.0,0.0,1.0,1.0,1.0,-0.6275875364369197,0.0,0.0,0.0,1.0,0.7205099778270523,0.7205099778270523,0.7205099778270523,12.0,56.399999999999984,120.0,0.0073170731707317,0.1207374736680264,0.1207729468599033,8.28,2.113842968397168,0.0909090909090909,-1.007830313742749,,0,0.0,0.0,0.0,0.0,1.0,0.1399317923988735,0.0661157024793388,0.0006651884700665,0.52003367003367,0.5011937557392102,-0.0817159872710776,0.4583333333333333,0.4583333333333333,0.0,0.0,0.0,0.0,0.0,0.0,0.0,0.0,0.0,0.0,0.0,0.0,0.0,0.0,0.0,0.0,0.0,0.0,0.0,0.0,0.0,0.0,0.0,,,ISTANBUL
20250501_05,2025-05-01,2025-05-01 14:55:00,H0189,7,54.0,1800.0,12.0,5.0,0.0,0.0,0.0,0.0,0.0,0.0,0.0,1.0,1.0,1.0,0.0,1.0,0.0,1.0,0.1066905939456511,0.0302756919869504,1.0,0.0,1.5,1.6666666666666667,2.0,-0.6366152831022357,0.5,0.0,0.0,0.5,0.9932098765432098,0.9865853658536584,0.9865853658536584,12.0,55.0,120.0,0.9829268292682928,0.0516261622403505,0.0516262261228704,19.37,2.963725477418905,0.3636363636363636,-0.1579478047210125,,0,0.0,0.0,0.0,0.0,0.8668778997501816,0.0598334650999111,0.3636363636363636,0.3574279379157428,0.52003367003367,0.4764003673094582,-0.0817159872710776,0.4583333333333333,0.5,0.0,0.0,0.0,0.0,0.0,0.0,0.0,0.0,0.0,0.0,0.0,0.0,0.0,0.0,0.0,0.0,0.0,0.0,0.0,0.0,0.0,0.0,0.0,,,ISTANBUL
20250501_05,2025-05-01,2025-05-01 14:55:00,H0104,8,52.4,1800.0,12.0,4.0,0.0,0.0,0.0,0.0,0.0,0.0,0.0,0.0909090909090909,0.0909090909090909,0.0909090909090909,0.0,0.0909090909090909,0.0,1.0,0.1066905939456511,0.0721217105410923,1.0,0.0,1.0,1.0,1.0,0.5411316108045314,0.0,1.0,0.0,0.0,0.0996674057649669,0.0996674057649669,0.0996674057649669,12.0,52.399999999999984,120.0,0.0073170731707317,0.01,0.01,100.0,4.605170185988092,0.8181818181818182,1.483496903848175,,0,0.0,0.0,0.0,0.0,1.0,0.0115897565310686,0.0743801652892562,0.0059866962305986,0.52003367003367,0.5590449954086317,-0.0817159872710776,0.4583333333333333,0.0,0.0,0.0,0.0,0.0,0.0,0.0,0.0,0.0,0.0,0.0,0.0,0.0,0.0,0.0,0.0,0.0,0.0,0.0,0.0,0.0,0.0,0.0,0.0,,,ISTANBUL
20250501_05,2025-05-01,2025-05-01 14:55:00,H0163,9,56.6,1800.0,12.0,5.0,0.0,0.0,0.0,0.0,0.0,0.0,0.0,0.3636363636363636,0.3636363636363636,0.3636363636363636,0.0,0.3636363636363636,-5.551115123125783e-17,1.0,0.1066905939456511,0.0817967080452381,1.0,0.0,1.0,1.0,1.0,0.7629264823369366,1.0,0.0,0.0,0.0,0.365742793791575,0.365742793791575,0.365742793791575,12.0,56.600000000000016,120.0,0.0073170731707317,0.01,0.01,100.0,4.605170185988092,0.8181818181818182,1.483496903848175,,0,0.0,0.0,0.0,0.0,1.0,0.0115897565310686,0.2975206611570248,0.0059866962305986,0.52003367003367,0.5342516069788797,-0.0817159872710776,0.4583333333333333,0.5416666666666666,0.0,0.0,0.0,0.0,0.0,0.0,0.0,0.0,0.0,0.0,0.0,0.0,0.0,0.0,0.0,0.0,0.0,0.0,0.0,0.0,0.0,0.0,0.0,,,ISTANBUL
20250501_05,2025-05-01,2025-05-01 14:55:00,H0239,10,56.8,1800.0,12.0,4.0,0.0,0.0,0.0,0.0,0.0,0.0,0.0,0.2727272727272727,0.2727272727272727,0.2727272727272726,0.0,0.2727272727272727,5.551115123125783e-17,1.0,0.1066905939456511,0.0212420215550604,1.0,0.0,1.5,1.6666666666666667,2.0,0.4480993639362036,0.0,0.5,0.0,0.5,0.2749158249158252,0.2770509977827055,0.2770509977827055,12.0,58.34999999999999,240.0,0.0037037037037037,0.01,0.01,100.0,4.605170185988092,0.8181818181818182,1.483496903848175,,0,0.0,0.0,0.0,0.0,0.8668778997501816,0.0115897565310686,0.2231404958677686,0.003030303030303,0.52003367003367,0.5425160697887971,-0.0817159872710776,0.4583333333333333,0.2291666666666666,0.0,0.0,0.0,0.0,0.0,0.0,0.0,0.0,0.0,0.0,0.0,0.0,0.0,0.0,0.0,0.0,0.0,0.0,0.0,0.0,0.0,0.0,0.0,,,ISTANBUL
20250501_05,2025-05-01,2025-05-01 14:55:00,H0244,11,55.6,1800.0,12.0,4.0,0.0,0.0,0.0,0.0,0.0,0.0,0.0,1.0,1.0,1.0,0.0,1.0,0.0,1.0,0.1066905939456511,0.1090968211956129,1.0,0.0,1.0,1.0,1.0,-1.6855973173848082,0.0,0.0,0.0,1.0,0.9865853658536584,0.9865853658536584,0.9865853658536584,12.0,55.600000000000016,0.0,0.3,0.3219053663269831,0.3215434083601286,3.11,1.1346227261911428,0.0,-1.9870505559487743,,0,0.0,0.0,0.0,0.0,1.0,0.373080482177419,0.0,0.0,0.52003367003367,0.4764003673094582,-0.0817159872710776,0.4583333333333333,0.4583333333333333,0.0,0.0,0.0,0.0,0.0,0.0,0.0,0.0,0.0,0.0,0.0,0.0,0.0,0.0,0.0,0.0,0.0,0.0,0.0,0.0,0.0,0.0,0.0,,,ISTANBUL
20250501_05,2025-05-01,2025-05-01 14:55:00,H0073,12,54.9,1800.0,12.0,7.0,0.0,0.0,0.0,0.0,0.0,0.0,0.0,0.6363636363636364,0.6363636363636364,0.6363636363636365,0.0,0.6363636363636364,-1.1102230246251563e-16,1.0,0.1066905939456511,0.0926400074494449,1.0,0.0,1.0,1.0,1.0,0.5380344399282511,0.0,1.0,0.0,0.0,0.6318181818181812,0.6318181818181812,0.6318181818181812,12.0,54.899999999999984,120.0,0.0073170731707317,0.1158500571526754,0.115874855156431,8.63,2.155244505095337,0.1818181818181818,-0.9664287770445804,,0,0.0,0.0,0.0,0.0,1.0,0.1342673956509893,0.1157024793388429,0.001330376940133,0.52003367003367,0.5094582185491275,-0.0817159872710776,0.4583333333333333,0.0,0.0,0.0,0.0,0.0,0.0,0.0,0.0,0.0,0.0,0.0,0.0,0.0,0.0,0.0,0.0,0.0,0.0,0.0,0.0,0.0,0.0,0.0,0.0,,,ISTANBUL
20250501_06,2025-05-01,2025-05-01 15:30:00,H0026,1,58.6,1800.0,12.0,3.0,0.0,0.0,0.0,0.0,0.0,0.0,0.0,0.7272727272727272,0.7272727272727273,0.7272727272727273,0.0,0.7272727272727273,-1.1102230246251563e-16,1.0,0.1066905939456511,0.0965322176528943,1.0,0.0,1.0,1.0,1.0,-1.0308137202711538,0.0,0.0,0.0,1.0,0.7205099778270523,0.7205099778270523,0.7205099778270523,12.0,58.600000000000016,120.0,0.0073170731707317,0.01,0.01,100.0,4.605170185988092,0.8636363636363636,1.4638338630799392,,0,0.0,0.0,0.0,0.0,1.0,0.0100003919733008,0.628099173553719,0.0063192904656319,0.5066919191919191,0.4866391184573002,-0.1083147261967856,0.3375,0.3375,0.0,0.0,0.0,0.0,0.0,0.0,0.0,0.0,0.0,0.0,0.0,0.0,0.0,0.0,0.0,0.0,0.0,0.0,0.0,0.0,0.0,0.0,0.0,,,ANKARA
20250501_06,2025-05-01,2025-05-01 15:30:00,H0035,2,58.0,1800.0,12.0,5.0,0.0,0.0,0.0,0.0,0.0,0.0,0.0,1.0,1.0,1.0,0.0,1.0,0.0,1.0,0.1066905939456511,0.1090968211956129,1.0,0.0,1.0,1.0,1.0,-0.0569545412135289,0.0,0.0,1.0,0.0,0.9865853658536584,0.9865853658536584,0.9865853658536584,12.0,58.0,120.0,0.9829268292682928,0.0759909783704199,0.0759878419452887,13.16,2.577181925897172,0.4545454545454545,-0.5641543970109812,,0,0.0,0.0,0.0,0.0,1.0,0.0759939570138828,0.4545454545454545,0.4467849223946785,0.5066919191919191,0.4618457300275482,-0.1083147261967856,0.3375,0.0,0.0,0.0,0.0,0.0,0.0,0.0,0.0,0.0,0.0,0.0,0.0,0.0,0.0,0.0,0.0,0.0,0.0,0.0,0.0,0.0,0.0,0.0,0.0,,,ANKARA
20250501_06,2025-05-01,2025-05-01 15:30:00,H0189,3,56.0,1800.0,12.0,3.0,0.0,0.0,0.0,0.0,0.0,0.0,0.0,1.0,1.0,1.0,0.0,1.0,0.0,1.0,0.1066905939456511,0.0302756919869504,1.0,0.0,1.5,1.6666666666666667,2.0,1.0491736214413494,0.5,0.0,0.0,0.5,0.9932098765432098,0.9865853658536584,0.9865853658536584,12.0,55.0,120.0,0.9829268292682928,0.3429184554672039,0.3424657534246575,2.92,1.0715836162801904,0.0,-2.069752706627962,,0,0.0,0.0,0.0,0.0,0.8668778997501816,0.3429318969550959,0.0,0.0,0.5066919191919191,0.4618457300275482,-0.1083147261967856,0.3375,0.5,0.0,0.0,0.0,0.0,0.0,0.0,0.0,0.0,0.0,0.0,0.0,0.0,0.0,0.0,0.0,0.0,0.0,0.0,0.0,0.0,0.0,0.0,0.0,,,ANKARA
20250501_06,2025-05-01,2025-05-01 15:30:00,H0239,4,59.9,1800.0,12.0,7.0,0.0,0.0,0.0,0.0,0.0,0.0,0.0,0.2727272727272727,0.2727272727272727,0.2727272727272726,0.0,0.2727272727272727,5.551115123125783e-17,1.0,0.1066905939456511,0.0212420215550604,1.0,0.0,1.5,1.6666666666666667,2.0,-0.9759588161149048,0.0,0.5,0.0,0.5,0.2749158249158252,0.2770509977827055,0.2770509977827055,12.0,58.34999999999999,240.0,0.0037037037037037,0.01,0.01,100.0,4.605170185988092,0.8636363636363636,1.4638338630799392,,0,0.0,0.0,0.0,0.0,0.8668778997501816,0.0100003919733008,0.2355371900826446,0.0031986531986531,0.5066919191919191,0.5279614325068871,-0.1083147261967856,0.3375,0.16875,0.0,0.0,0.0,0.0,0.0,0.0,0.0,0.0,0.0,0.0,0.0,0.0,0.0,0.0,0.0,0.0,0.0,0.0,0.0,0.0,0.0,0.0,0.0,,,ANKARA
20250501_06,2025-05-01,2025-05-01 15:30:00,H0076,5,57.0,1800.0,12.0,7.0,0.0,0.0,0.0,0.0,0.0,0.0,0.0,0.4545454545454546,0.4545454545454546,0.4545454545454547,0.0,0.4545454545454546,-1.1102230246251563e-16,1.0,0.1066905939456511,0.0852761601189076,1.0,0.0,1.0,1.0,1.0,-0.9105748839214486,0.0,0.0,0.0,1.0,0.4544345898004427,0.4544345898004427,0.4544345898004427,12.0,57.0,120.0,0.0073170731707317,0.0880198342562442,0.0880281690140845,11.36,2.430098413293005,0.2727272727272727,-0.7112379096151473,,0,0.0,0.0,0.0,0.0,1.0,0.0880232843987418,0.1239669421487603,0.0019955654101995,0.5066919191919191,0.5114325068870523,-0.1083147261967856,0.3375,0.3375,0.0,0.0,0.0,0.0,0.0,0.0,0.0,0.0,0.0,0.0,0.0,0.0,0.0,0.0,0.0,0.0,0.0,0.0,0.0,0.0,0.0,0.0,0.0,,,ANKARA
20250501_06,2025-05-01,2025-05-01 15:30:00,H0128,6,57.4,1800.0,12.0,6.0,0.0,0.0,0.0,0.0,0.0,0.0,0.0,0.6464646464646465,0.6484848484848486,0.6515151515151516,0.0002203856749311,0.6363636363636364,-0.005050505050505,1.0,0.1066905939456511,0.0253701406859393,1.0,0.0,1.5,1.6666666666666667,2.0,0.5585489592742234,0.0,1.0,0.0,0.0,0.6318181818181812,0.6490273101384206,0.6490273101384206,11.0,57.149999999999984,240.0,0.0037037037037037,0.0799507033282029,0.0799360511590727,12.51,2.52652832447882,0.3636363636363636,-0.6148079984293329,,0,0.0,0.0,0.0,0.0,0.8668778997501816,0.079953837182312,0.2358126721763085,0.0013468013468013,0.5066919191919191,0.4938016528925619,-0.1083147261967856,0.3375,0.0,0.0,0.0,0.0,0.0,0.0,0.0,0.0,0.0,0.0,0.0,0.0,0.0,0.0,0.0,0.0,0.0,0.0,0.0,0.0,0.0,0.0,0.0,0.0,,,ANKARA
20250501_06,2025-05-01,2025-05-01 15:30:00,H0109,7,53.2,1800.0,12.0,4.0,0.0,0.0,0.0,0.0,0.0,0.0,0.0,0.0416666666666666,0.05,0.0625,0.00375,0.0,-0.0208333333333333,1.0,0.1066905939456511,0.0185845246348216,1.0,0.0,1.5,1.6666666666666667,2.0,-0.2215361157308005,0.5,0.0,0.5,0.0,0.0672839506172839,0.0109756097560975,0.0109756097560975,10.5,55.40000000000001,240.0,0.0037037037037037,0.0146519614870683,0.0146520146520146,68.25,4.223177434065069,0.6363636363636364,1.0818411111569164,,0,0.0,0.0,0.0,0.0,0.8668778997501816,0.0146525358048391,0.0318181818181818,0.0023569023569023,0.5066919191919191,0.5482093663911846,-0.1083147261967856,0.3375,0.33125,0.0,0.0,0.0,0.0,0.0,0.0,0.0,0.0,0.0,0.0,0.0,0.0,0.0,0.0,0.0,0.0,0.0,0.0,0.0,0.0,0.0,0.0,0.0,,,ANKARA
20250501_06,2025-05-01,2025-05-01 15:30:00,H0245,8,56.6,1800.0,12.0,7.0,0.0,0.0,0.0,0.0,0.0,0.0,0.0,0.0909090909090909,0.0909090909090909,0.0909090909090909,0.0,0.0909090909090909,0.0,1.0,0.1066905939456511,0.0721217105410923,1.0,0.0,1.0,1.0,1.0,0.6474846907094743,1.0,0.0,0.0,0.0,0.0996674057649669,0.0996674057649669,0.0996674057649669,12.0,56.600000000000016,120.0,0.0073170731707317,0.132928403986531,0.1329787234042553,7.52,2.017566137961748,0.1818181818181818,-1.1237701849464043,,0,0.0,0.0,0.0,0.0,1.0,0.13293361442506,0.0165289256198347,0.001330376940133,0.5066919191919191,0.5444903581267218,-0.1083147261967856,0.3375,0.6625,0.0,0.0,0.0,0.0,0.0,0.0,0.0,0.0,0.0,0.0,0.0,0.0,0.0,0.0,0.0,0.0,0.0,0.0,0.0,0.0,0.0,0.0,0.0,,,ANKARA
20250501_06,2025-05-01,2025-05-01 15:30:00,H0010,9,56.9,1800.0,12.0,3.0,0.0,0.0,0.0,0.0,0.0,0.0,0.0,0.818181818181818,0.8181818181818181,0.8181818181818181,0.0,0.8181818181818181,-1.1102230246251563e-16,1.0,0.1066905939456511,0.1005698313894105,1.0,0.0,1.0,1.0,1.0,-0.0136467917952967,0.0,0.0,1.0,0.0,0.8092017738359187,0.8092017738359187,0.8092017738359187,12.0,56.899999999999984,0.0,0.3,0.2009125879908277,0.2008032128514056,4.98,1.6054298910365616,0.0909090909090909,-1.535906431871591,,0,0.0,0.0,0.0,0.0,1.0,0.2009204632278579,0.0743801652892562,0.0272727272727272,0.5066919191919191,0.4783746556473829,-0.1083147261967856,0.3375,0.0,0.0,0.0,0.0,0.0,0.0,0.0,0.0,0.0,0.0,0.0,0.0,0.0,0.0,0.0,0.0,0.0,0.0,0.0,0.0,0.0,0.0,0.0,0.0,,,ANKARA
20250501_06,2025-05-01,2025-05-01 15:30:00,H0009,10,55.8,1800.0,12.0,4.0,0.0,0.0,0.0,0.0,0.0,0.0,0.0,0.5454545454545454,0.5454545454545454,0.5454545454545453,0.0,0.5454545454545454,1.1102230246251563e-16,1.0,0.1066905939456511,0.0888892920715003,1.0,0.0,1.0,1.0,1.0,0.701663648089567,1.0,0.0,0.0,0.0,0.5431263858093134,0.5431263858093134,0.5431263858093134,12.0,55.79999999999998,120.0,0.0073170731707317,0.01,0.01,100.0,4.605170185988092,0.8636363636363636,1.4638338630799392,,0,0.0,0.0,0.0,0.0,1.0,0.0100003919733008,0.4710743801652892,0.0063192904656319,0.5066919191919191,0.503168044077135,-0.1083147261967856,0.3375,0.6625,0.0,0.0,0.0,0.0,0.0,0.0,0.0,0.0,0.0,0.0,0.0,0.0,0.0,0.0,0.0,0.0,0.0,0.0,0.0,0.0,0.0,0.0,0.0,,,ANKARA
20250501_06,2025-05-01,2025-05-01 15:30:00,H0234,11,56.1,1800.0,12.0,5.0,0.0,0.0,0.0,0.0,0.0,0.0,0.0,0.3636363636363636,0.3636363636363636,0.3636363636363636,0.0,0.3636363636363636,-5.551115123125783e-17,1.0,0.1066905939456511,0.0817967080452381,1.0,0.0,1.0,1.0,1.0,-1.0350781140406409,0.0,0.0,0.0,1.0,0.365742793791575,0.365742793791575,0.365742793791575,12.0,56.100000000000016,120.0,0.0073170731707317,0.0245878793197849,0.024588148512417,40.67,3.705490719919133,0.5454545454545454,0.5641543970109808,,0,0.0,0.0,0.0,0.0,1.0,0.0245888430990067,0.1983471074380165,0.0039911308203991,0.5066919191919191,0.5196969696969697,-0.1083147261967856,0.3375,0.3375,0.0,0.0,0.0,0.0,0.0,0.0,0.0,0.0,0.0,0.0,0.0,0.0,0.0,0.0,0.0,0.0,0.0,0.0,0.0,0.0,0.0,0.0,0.0,,,ANKARA
20250501_06,2025-05-01,2025-05-01 15:30:00,H0194,12,54.4,1800.0,12.0,3.0,0.0,0.0,0.0,0.0,0.0,0.0,0.0,0.1212121212121211,0.109090909090909,0.0909090909090908,0.0079338842975206,0.1818181818181817,0.0303030303030302,1.0,0.1066905939456511,0.0203172687122127,1.0,0.0,1.5,1.6666666666666667,2.0,-0.0120846507882674,0.0,0.0,0.5,0.5,0.0953423120089788,0.1883592017738362,0.1883592017738362,12.0,55.95,240.0,0.0037037037037037,0.01,0.01,100.0,4.605170185988092,0.8636363636363636,1.4638338630799392,,0,0.0,0.0,0.0,0.0,0.8668778997501816,0.0100003919733008,0.0942148760330578,0.0031986531986531,0.5066919191919191,0.5428374655647382,-0.1083147261967856,0.3375,0.16875,0.0,0.0,0.0,0.0,0.0,0.0,0.0,0.0,0.0,0.0,0.0,0.0,0.0,0.0,0.0,0.0,0.0,0.0,0.0,0.0,0.0,0.0,0.0,,,ANKARA
İstanbul-2026-10-04-1,2026-10-04,2026-10-04 14:00:00,BÜYÜK ATTİLA-1,1,57.0,1200.0,9.0,2.0,19.0,0.0,0.0,1.0,0.0,0.0,0.0,0.45,0.45,0.45,0.03,0.45,0.0,14.0,0.3775406687981454,0.7177992888562377,0.0,0.0,0.2142857142857142,0.3571428571428571,0.025,0.0,0.0,0.0,1.0,0.0,0.0,0.0,0.0,0.0,56.5,4.0,0.1285714285714285,0.150375939849624,0.150375939849624,6.65,1.8946168546677629,0.5,0.0,,0,0.0,0.0,0.0,0.0,0.0,0.0942106159425343,0.225,0.0642857142857142,0.4499999999999999,0.4499999999999999,0.0,0.2833333333333333,0.0,4.0,0.0,0.0,4.0,0.0,0.0,1.0,0.0,0.0,0.0,0.0,0.0,1.0,5.75,12.7125,19.0,792.2275,49.125,0.0,0.0,0.0,0.0,0.0,,,ISTANBUL
İstanbul-2026-10-04-1,2026-10-04,2026-10-04 14:00:00,DOUBLE RUNNER  SKG-2,2,57.0,1200.0,9.0,2.0,0.0,0.0,0.0,1.0,0.0,1.0,0.0,0.45,0.45,0.45,0.03,0.45,0.0,28.0,0.7772998611746911,0.739033726825499,0.0,0.0,0.1071428571428571,0.1785714285714285,0.0083333333333333,0.0,0.25,0.25,0.25,0.25,0.0,0.0,0.0,0.0,57.0,0.0,0.3,0.1492537313432835,0.1492537313432835,6.7,1.9021075263969205,0.625,0.0074906717291576,,0,0.0,0.0,0.0,0.0,0.0,0.0935075516444556,0.28125,0.1875,0.4499999999999999,0.4499999999999999,0.0,0.2833333333333333,0.25,1.0,0.0,1.0,1.0,0.0,1.0,0.0,0.0,0.0,0.0,0.0,0.0,1.0,3.0,1.95,0.0,81.12,167.0,0.0,0.0,0.0,0.0,0.0,,,ISTANBUL
İstanbul-2026-10-04-1,2026-10-04,2026-10-04 14:00:00,EXTREME-3,3,57.0,1200.0,9.0,2.0,0.0,1.0,1.0,1.0,0.0,1.0,0.0,0.45,0.45,0.45,0.03,0.45,0.0,30.0,0.8175744761936437,0.7499476922271856,0.0,0.0,0.1,0.1666666666666666,0.0,0.0,0.25,0.25,0.25,0.25,0.45,0.45,0.45,0.0,0.0,0.0,0.3,0.0350262697022767,0.0350262697022767,28.55,3.351656936102019,1.0,1.4570400814342563,,0,0.0,0.0,0.0,0.0,0.0,0.0219439788447584,0.45,0.3,0.4499999999999999,0.4499999999999999,0.0,0.2833333333333333,0.25,0.0,0.0,0.0,0.0,0.0,0.0,0.0,0.0,0.0,0.0,0.0,0.0,1.0,0.0,0.0,0.0,0.0,0.0,0.0,0.0,0.0,0.0,0.0,,,ISTANBUL
İstanbul-2026-10-04-1,2026-10-04,2026-10-04 14:00:00,HEART OF ÖNER-4,4,57.0,1200.0,9.0,2.0,0.0,0.0,0.0,1.0,0.0,1.0,0.0,0.45,0.45,0.45,0.03,0.45,0.0,14.0,0.3775406687981454,0.7191477490359812,0.0,0.0,0.2142857142857142,0.3571428571428571,0.0166666666666666,0.0,0.25,0.25,0.25,0.25,0.0,0.0,0.0,0.0,52.5,2.0,0.18,0.0465116279069767,0.0465116279069767,21.5,3.068052935133617,0.875,1.173436080465854,,0,0.0,0.0,0.0,0.0,0.0,0.0291395626054815,0.39375,0.1575,0.4499999999999999,0.4499999999999999,0.0,0.2833333333333333,0.25,2.0,0.0,0.0,2.0,0.0,0.0,0.0,0.0,0.0,0.0,0.0,0.0,1.0,7.0,42.225,0.0,76.485,30.0,0.0,0.0,0.0,0.0,0.0,,,ISTANBUL
İstanbul-2026-10-04-1,2026-10-04,2026-10-04 14:00:00,MY BLACK BOY  SKG-5,5,57.0,1200.0,9.0,2.0,25.0,0.0,0.0,1.0,0.0,0.0,0.0,0.45,0.45,0.45,0.03,0.45,0.0,24.0,0.679178699175393,0.7237886973798111,0.0,0.0,0.125,0.2083333333333333,0.025,0.0,0.0,0.0,1.0,0.0,0.0,0.0,0.0,0.0,55.5,4.0,0.1285714285714285,0.0492610837438423,0.0492610837438423,20.3,3.0106208860477417,0.75,1.1160040313799788,,0,0.0,0.0,0.0,0.0,0.0,0.0308620983260026,0.3375,0.0964285714285714,0.4499999999999999,0.4499999999999999,0.0,0.2833333333333333,0.0,4.0,0.0,0.0,4.0,0.0,0.0,0.0,0.0,0.0,0.0,0.0,0.0,1.0,5.25,15.7875,18.0,76.3825,29.83333333333333,0.0,0.0,0.0,0.0,0.0,,,ISTANBUL
İstanbul-2026-10-04-1,2026-10-04,2026-10-04 14:00:00,SKY OF KHAN-6,6,57.0,1200.0,9.0,2.0,35.0,0.0,0.0,1.0,0.0,0.0,0.0,0.45,0.45,0.45,0.03,0.45,0.0,14.0,0.3775406687981454,0.6814054246099521,0.0,0.0,0.2142857142857142,0.3571428571428571,0.0333333333333333,0.0,0.25,0.25,0.25,0.25,0.0,0.0,0.0,0.0,56.5,3.0,0.15,0.4081632653061224,0.4081632653061224,2.45,0.8960880245566357,0.125,-0.9985288301111273,,0,0.0,0.0,0.0,0.0,0.0,0.2557145289868788,0.05625,0.01875,0.4499999999999999,0.4499999999999999,0.0,0.2833333333333333,0.25,4.0,0.0,1.0,4.0,0.0,1.0,1.0,0.0,0.0,0.0,0.0,0.0,1.0,4.25,10.075,26.0,86.9025,110.0,0.0,0.0,0.0,0.0,0.0,,,ISTANBUL
İstanbul-2026-10-04-1,2026-10-04,2026-10-04 14:00:00,ÜMİTBEY-7,7,57.0,1200.0,9.0,2.0,0.0,0.0,0.0,1.0,0.0,1.0,0.0,0.45,0.45,0.45,0.03,0.45,0.0,29.0,0.7981867777396212,0.7399352769423345,0.0,0.0,0.1034482758620689,0.1724137931034483,0.0083333333333333,0.0,0.0,0.0,1.0,0.0,0.0,0.0,0.0,0.0,57.0,2.0,0.58,0.4545454545454545,0.4545454545454545,2.2,0.7884573603642703,0.0,-1.1061594943034927,,0,0.0,0.0,0.0,0.0,0.0,0.2847729981899332,0.0,0.0,0.4499999999999999,0.4499999999999999,0.0,0.2833333333333333,0.0,2.0,0.0,2.0,2.0,0.0,2.0,1.0,0.0,0.0,0.0,0.0,0.0,1.0,3.0,6.025,0.0,71.265,143.5,0.0,0.0,0.0,0.0,0.0,,,ISTANBUL
İstanbul-2026-10-04-1,2026-10-04,2026-10-04 14:00:00,BETA FORCE-8,8,55.0,1200.0,9.0,2.0,0.0,1.0,1.0,1.0,0.0,1.0,0.0,0.45,0.45,0.45,0.03,0.45,0.0,30.0,0.8175744761936437,0.7499476922271856,0.0,0.0,0.1,0.1666666666666666,0.0,0.0,0.25,0.25,0.25,0.25,0.45,0.45,0.45,0.0,0.0,0.0,0.3,0.1515151515151515,0.1515151515151515,6.6,1.88706964903238,0.3125,-0.0075472056353831,,0,0.0,0.0,0.0,0.0,0.0,0.0949243327299777,0.140625,0.09375,0.4499999999999999,0.4499999999999999,0.0,0.2833333333333333,0.25,0.0,0.0,0.0,0.0,0.0,0.0,0.0,0.0,0.0805825242718446,0.2611650485436893,0.441747572815534,7.57198844937744,0.0,0.0,0.0,0.0,0.0,0.0,0.0,0.0,0.0,0.0,0.0,,,ISTANBUL
İstanbul-2026-10-04-1,2026-10-04,2026-10-04 14:00:00,TERRAFERMA-9,9,55.0,1200.0,9.0,2.0,32.0,0.0,0.0,1.0,0.0,0.0,0.0,0.45,0.45,0.45,0.03,0.45,0.0,26.0,0.7310585786300049,0.7275404601140383,0.0,0.0,0.1153846153846153,0.1923076923076923,0.0166666666666666,0.0,0.25,0.25,0.25,0.25,0.0,0.0,0.0,0.0,56.0,2.0,0.18,0.1515151515151515,0.1515151515151515,6.6,1.88706964903238,0.3125,-0.0075472056353831,,0,0.0,0.0,0.0,0.0,0.0,0.0949243327299777,0.140625,0.0562499999999999,0.4499999999999999,0.4499999999999999,0.0,0.2833333333333333,0.25,2.0,0.0,0.0,2.0,0.0,0.0,0.0,0.0,0.0805825242718446,0.2611650485436893,0.441747572815534,7.57198844937744,0.0,5.5,27.6,0.0,88.155,27.25,0.0,0.0,0.0,0.0,0.0,,,ISTANBUL
İstanbul-2026-10-04-2,2026-10-04,2026-10-04 14:30:00,STEEL ROCK-1,1,62.0,1900.0,8.0,3.0,66.0,0.0,0.0,1.0,0.0,0.0,0.0,0.45,0.45,0.45,0.03,0.45,0.0,16.0,0.4378234991142019,0.7179198467171763,0.0,0.0,0.1875,0.3125,0.0666666666666666,0.0,0.25,0.25,0.25,0.25,0.0,0.0,0.0,0.0,57.22413793103448,19.0,0.4954545454545455,0.1129943502824858,0.1129943502824858,8.85,2.180417459019838,0.7142857142857143,0.4405672374447884,,0,0.0,0.0,0.0,0.0,0.0,0.078776884862763,0.3214285714285714,0.3538961038961039,0.5625,0.5785714285714285,0.0,0.3718749999999999,0.25,29.0,2.0,19.0,27.0,2.0,18.0,15.0,1.0,0.0,0.0,0.0,0.0,1.0,3.3793103448275863,8.23793103448276,46.2962962962963,98.17241379310344,167.92,0.0,0.0,0.0,0.0,0.0,,,ISTANBUL
İstanbul-2026-10-04-2,2026-10-04,2026-10-04 14:30:00,DARKROK-2,2,57.0,1900.0,8.0,3.0,56.0,0.0,0.0,1.0,0.0,0.0,0.0,0.45,0.45,0.45,0.03,0.45,0.0,29.0,0.7981867777396212,0.7339325478587558,0.0,0.0,0.1034482758620689,0.1724137931034483,0.0333333333333333,0.0,0.25,0.25,0.25,0.25,0.0,0.0,0.0,0.0,56.16666666666666,6.0,0.3222222222222222,0.4444444444444444,0.4444444444444444,2.25,0.8109302162163288,0.0,-0.9289200053587208,,0,0.0,0.0,0.0,0.0,0.0,0.3098557471268681,0.0,0.0,0.5625,0.5785714285714285,0.0,0.3718749999999999,0.25,12.0,2.0,4.0,12.0,2.0,4.0,0.0,0.0,0.0,0.0,0.0,0.0,1.0,4.25,6.766666666666667,49.333333333333336,115.68416666666666,191.225,0.0,0.0,0.0,0.0,0.0,,,ISTANBUL
İstanbul-2026-10-04-2,2026-10-04,2026-10-04 14:30:00,CALL TO ARMS-3,3,56.0,1900.0,8.0,3.0,54.0,0.0,0.0,1.0,0.0,0.0,0.0,0.25,0.25,0.25,0.03,0.25,0.0,18.0,0.5,0.6717242928697835,0.0,0.0,0.1666666666666666,0.2777777777777778,0.05,0.0,0.25,0.25,0.25,0.25,0.0,0.0277777777777777,0.0192307692307692,9.0,56.30769230769231,6.0,0.3222222222222222,0.1694915254237288,0.1694915254237288,5.9,1.7749523509116738,0.5714285714285714,0.0351021293366242,,0,0.0,0.0,0.0,0.0,0.0,0.1181653272941446,0.1428571428571428,0.184126984126984,0.5625,0.6071428571428571,0.0,0.3718749999999999,0.25,13.0,2.0,6.0,13.0,2.0,6.0,0.0,0.0,0.158252427184466,0.416504854368932,0.6262135922330098,8.026170194946426,0.0,4.384615384615385,6.480769230769231,43.45454545454545,105.09153846153846,239.94444444444449,0.0,0.0,0.0,0.0,0.0,,,ISTANBUL
İstanbul-2026-10-04-2,2026-10-04,2026-10-04 14:30:00,CLARISSA-4,4,55.0,1900.0,8.0,3.0,52.0,0.0,0.0,1.0,0.0,0.0,0.0,0.45,0.45,0.45,0.03,0.45,0.0,32.0,0.8519528019683106,0.7298712197781928,0.0,0.0,0.09375,0.15625,0.0416666666666666,0.0,0.25,0.25,0.25,0.25,0.0,0.0,0.0,0.0,55.0,10.0,0.223076923076923,0.2197802197802197,0.2197802197802197,4.55,1.5151272329628591,0.2857142857142857,-0.2247229886121904,,0,0.0,0.0,0.0,0.0,0.0,0.1532253694583414,0.1285714285714285,0.0637362637362637,0.5625,0.5785714285714285,0.0,0.3718749999999999,0.25,10.0,1.0,2.0,10.0,1.0,2.0,2.0,0.0,0.1388349514563107,0.3970873786407767,0.6359223300970874,7.480428306074208,0.0,6.6,24.17,37.375,110.102,189.5,0.0,0.0,0.0,0.0,0.0,,,ISTANBUL
İstanbul-2026-10-04-2,2026-10-04,2026-10-04 14:30:00,KOKO LOKO-5,5,54.5,1900.0,8.0,3.0,51.0,0.0,0.0,1.0,0.0,0.0,0.0,1.0,1.0,1.0,0.03,1.0,0.0,21.0,0.5926665999540697,0.7778330362744172,0.0,0.0,0.1428571428571428,0.238095238095238,0.0166666666666666,0.0,0.25,0.25,0.25,0.25,0.0,0.0,0.0,18.0,56.333333333333336,4.0,0.1285714285714285,0.2222222222222222,0.2222222222222222,4.5,1.5040773967762742,0.1428571428571428,-0.2357728247987753,,0,0.0,0.0,0.0,0.0,0.0,0.154927873563434,0.1428571428571428,0.0183673469387755,0.5625,0.5,0.0,0.3718749999999999,0.25,12.0,2.0,5.0,8.0,1.0,2.0,5.0,0.0,0.1272340425531914,0.402127659574468,0.6702127659574468,4.174387269895637,0.0,3.9166666666666665,4.8,46.45454545454545,98.82666666666668,175.5625,0.0,0.0,0.0,0.0,0.0,,,ISTANBUL
İstanbul-2026-10-04-2,2026-10-04,2026-10-04 14:30:00,APOLLON-6,6,53.5,1900.0,8.0,3.0,49.0,0.0,0.0,1.0,0.0,0.0,0.0,0.45,0.45,0.45,0.03,0.45,0.0,20.0,0.5621765008857981,0.7101376422230395,0.0,0.0,0.15,0.25,0.075,0.0,0.0,0.0,1.0,0.0,0.0,0.0,0.0,0.0,54.47916666666666,22.0,0.276,0.1818181818181818,0.1818181818181818,5.5,1.7047480922384253,0.4285714285714285,-0.0351021293366242,,0,0.0,0.0,0.0,0.0,0.0,0.1267591692791733,0.1928571428571428,0.1182857142857142,0.5625,0.5785714285714285,0.0,0.3718749999999999,0.0,24.0,2.0,6.0,20.0,1.0,4.0,0.0,0.0,0.0805825242718446,0.3,0.529126213592233,7.238496840894365,0.0,5.541666666666667,18.75625,40.95454545454545,99.13958333333332,124.48076923076924,0.0,0.0,0.0,0.0,0.0,,,ISTANBUL
İstanbul-2026-10-04-2,2026-10-04,2026-10-04 14:30:00,STORMER-7,7,52.0,1900.0,8.0,3.0,38.0,0.0,0.0,1.0,0.0,0.0,0.0,0.45,0.45,0.45,0.03,0.45,0.0,14.0,0.3775406687981454,0.6761265848903589,0.0,0.0,0.2142857142857142,0.3571428571428571,0.0416666666666666,0.0,0.25,0.25,0.25,0.25,0.0,0.0,0.0,0.0,55.8125,6.0,0.2111111111111111,0.0451467268623024,0.0451467268623024,22.15,3.0978374964911444,0.8571428571428571,1.3579872749160948,,0,0.0,0.0,0.0,0.0,0.0,0.0314751887600656,0.3857142857142857,0.1809523809523809,0.5625,0.5785714285714285,0.0,0.3718749999999999,0.25,8.0,1.0,2.0,8.0,1.0,2.0,1.0,0.0,0.129126213592233,0.3776699029126213,0.5776699029126213,7.932362154339751,0.0,6.625,13.76875,41.142857142857146,92.27625,356.0,0.0,0.0,0.0,0.0,0.0,,,ISTANBUL
İstanbul-2026-10-04-2,2026-10-04,2026-10-04 14:30:00,SENSEİ BAHA-8,8,52.0,1900.0,8.0,3.0,37.0,0.0,0.0,1.0,0.0,0.0,0.0,1.0,1.0,1.0,0.03,1.0,0.0,21.0,0.5926665999540697,0.7614146774547419,0.0,0.0,0.1428571428571428,0.238095238095238,0.0666666666666666,0.0,0.25,0.25,0.25,0.25,0.0,0.0909090909090909,0.0,18.0,57.32,25.0,0.1392857142857143,0.0384615384615384,0.0384615384615384,26.0,3.258096538021482,1.0,1.5182463164464326,,0,0.0,0.0,0.0,0.0,0.0,0.0268144396552097,1.0,0.1392857142857143,0.5625,0.5,0.0,0.3718749999999999,0.25,25.0,1.0,3.0,22.0,1.0,3.0,17.0,1.0,0.1,0.2678947368421052,0.4438157894736842,4.812184355372417,0.0,6.375,22.858,28.65217391304348,98.94041666666668,119.72222222222224,0.0,0.0,0.0,0.0,0.0,,,ISTANBUL
İstanbul-2026-10-04-3,2026-10-04,2026-10-04 15:00:00,SPIDER-1,1,60.0,1200.0,8.0,2.0,36.0,0.0,0.0,1.0,0.0,0.0,0.0,0.45,0.45,0.45,0.03,0.45,0.0,16.0,0.43782349911420193,0.7206121300108707,0.0,0.0,0.1875,0.3125,0.05,0.0,0.0,0.0,1.0,0.0,0.0,0.0,0.0,0.0,57.833333333333336,3.0,0.65,0.1941747572815534,0.1941747572815534,5.15,1.6389967146756448,0.42857142857142855,-0.43326461115754555,,0,0.0,0.0,0.0,0.0,0.3219582715376759,0.13517290129274423,0.19285714285714284,0.2785714285714286,0.45,0.45,0.0,0.265625,0.0,6.0,0.0,4.0,6.0,0.0,4.0,4.0,0.0,0.12909547738693467,0.4163819095477387,0.6842713567839196,6.873163834212518,0.0,3.1666666666666665,6.1499999999999995,35.0,81.16000000000001,146.83333333333334,0.0,0.0,0.0,0.0,0.0,,,ISTANBUL
İstanbul-2026-10-04-3,2026-10-04,2026-10-04 15:00:00,ANGEL FASTWING-2,2,57.0,1200.0,8.0,2.0,23.0,0.0,0.0,1.0,0.0,0.0,0.0,0.45,0.45,0.45,0.03,0.45,0.0,29.0,0.7981867777396212,0.7386503526243053,0.0,0.0,0.10344827586206896,0.1724137931034483,0.016666666666666666,0.0,0.25,0.25,0.25,0.25,0.0,0.0,0.0,0.0,57.0,2.0,0.18,0.08163265306122448,0.08163265306122448,12.25,2.505525936990736,0.5714285714285714,0.4332646111575458,,0,0.0,0.0,0.0,0.0,0.0,0.056827791155725116,0.2571428571428571,0.10285714285714284,0.45,0.45,0.0,0.265625,0.25,2.0,0.0,0.0,2.0,0.0,0.0,0.0,0.0,0.0,0.0,0.0,0.0,1.0,5.0,23.950000000000003,0.0,78.55,35.875,0.0,0.0,0.0,0.0,0.0,,,ISTANBUL
İstanbul-2026-10-04-3,2026-10-04,2026-10-04 15:00:00,DRAGON PRIME  SKG-3,3,57.0,1200.0,8.0,2.0,0.0,0.0,0.0,1.0,0.0,1.0,0.0,0.45,0.45,0.45,0.03,0.45,0.0,29.0,0.7981867777396212,0.7386503526243053,0.0,0.0,0.10344827586206896,0.1724137931034483,0.016666666666666666,0.0,0.0,0.0,1.0,0.0,0.0,0.0,0.0,0.0,57.0,2.0,0.18,0.03236245954692557,0.03236245954692557,30.9,3.4307561839036995,1.0,1.3584948580705092,,0,0.0,0.0,0.0,0.0,0.0,0.02252881688212404,0.45,0.18,0.45,0.45,0.0,0.265625,0.0,2.0,0.0,0.0,2.0,0.0,0.0,1.0,0.0,0.20481012658227848,0.46594936708860757,0.6834177215189873,5.337538079701318,0.0,8.0,24.45,0.0,81.345,0.0,0.0,0.0,0.0,0.0,0.0,,,ISTANBUL
İstanbul-2026-10-04-3,2026-10-04,2026-10-04 15:00:00,GRAND COMMANDER-4,4,53.0,1200.0,8.0,2.0,0.0,0.0,0.0,1.0,0.0,1.0,0.0,0.45,0.45,0.45,0.03,0.45,0.0,14.0,0.3775406687981454,0.7204922748182182,0.0,0.0,0.21428571428571427,0.35714285714285715,0.008333333333333333,0.0,0.25,0.25,0.25,0.25,0.0,0.0,0.0,0.0,55.0,1.0,0.22499999999999998,0.042826552462526764,0.042826552462526764,23.35,3.150596984114906,0.8571428571428571,1.0783356582817158,,0,0.0,0.0,0.0,0.0,0.0,0.02981329514593716,0.3857142857142857,0.19285714285714284,0.45,0.45,0.0,0.265625,0.25,1.0,0.0,0.0,1.0,0.0,0.0,0.0,0.0,0.0,0.0,0.0,0.0,1.0,7.0,11.95,0.0,75.95,0.0,0.0,0.0,0.0,0.0,0.0,,,ISTANBUL
İstanbul-2026-10-04-3,2026-10-04,2026-10-04 15:00:00,OKAMİ  K Kulaklık takılacağını ifade eder.-5,5,57.0,1200.0,8.0,2.0,0.0,1.0,1.0,1.0,0.0,1.0,0.0,0.45,0.45,0.45,0.03,0.45,0.0,30.0,0.8175744761936437,0.7499476922271856,0.0,0.0,0.1,0.16666666666666666,0.0,0.0,0.25,0.25,0.25,0.25,0.45,0.45,0.45,0.0,0.0,0.0,0.3,0.23255813953488372,0.23255813953488372,4.3,1.4586150226995167,0.14285714285714285,-0.6136463031336736,,0,0.0,0.0,0.0,0.0,0.0,0.16189312596689134,0.06428571428571428,0.04285714285714285,0.45,0.45,0.0,0.265625,0.25,0.0,0.0,0.0,0.0,0.0,0.0,0.0,0.0,0.14854368932038833,0.40679611650485437,0.5970873786407767,6.9167150203536085,0.0,0.0,0.0,0.0,0.0,0.0,0.0,0.0,0.0,0.0,0.0,,,ISTANBUL
İstanbul-2026-10-04-3,2026-10-04,2026-10-04 15:00:00,POWER OF THE NIGHT-6,6,57.0,1200.0,8.0,2.0,29.0,0.0,0.0,1.0,0.0,0.0,0.0,0.45,0.45,0.45,0.03,0.45,0.0,17.0,0.46879062662624377,0.7273999157161267,0.0,0.0,0.17647058823529413,0.29411764705882354,0.025,0.0,0.25,0.25,0.25,0.25,0.0,0.0,0.0,0.0,57.0,3.0,0.31666666666666665,0.21978021978021978,0.21978021978021978,4.55,1.5151272329628591,0.2857142857142857,-0.5571340928703312,,0,0.0,0.0,0.0,0.0,0.0,0.1529978992654138,0.12857142857142856,0.09047619047619046,0.45,0.45,0.0,0.265625,0.25,3.0,0.0,1.0,3.0,0.0,1.0,0.0,0.0,0.12723404255319148,0.40212765957446805,0.6702127659574468,4.174387269895637,0.0,4.333333333333333,7.683333333333334,29.0,82.02666666666666,135.0,0.0,0.0,0.0,0.0,0.0,,,ISTANBUL
İstanbul-2026-10-04-3,2026-10-04,2026-10-04 15:00:00,REBEL MILLIONAIRE  SKG-7,7,57.0,1200.0,8.0,2.0,0.0,0.0,0.0,1.0,0.0,1.0,0.0,0.45,0.45,0.45,0.03,0.45,0.0,28.0,0.7772998611746911,0.739033726825499,0.0,0.0,0.10714285714285714,0.17857142857142858,0.008333333333333333,0.0,0.25,0.25,0.25,0.25,0.0,0.0,0.0,0.0,57.0,1.0,0.475,0.5714285714285714,0.5714285714285714,1.75,0.5596157879354227,0.0,-1.5126455378977677,,0,0.0,0.0,0.0,0.0,0.0,0.3977945380900758,0.0,0.0,0.45,0.45,0.0,0.265625,0.25,1.0,0.0,1.0,1.0,0.0,1.0,1.0,0.0,0.14850299401197603,0.3776047904191617,0.587305389221557,6.880384082186005,0.0,2.0,6.05,0.0,80.49,334.0,0.0,0.0,0.0,0.0,0.0,,,ISTANBUL
İstanbul-2026-10-04-3,2026-10-04,2026-10-04 15:00:00,WORKIN LADY-8,8,57.0,1200.0,8.0,2.0,29.0,0.0,0.0,1.0,0.0,0.0,0.0,0.45,0.45,0.45,0.03,0.45,0.0,23.0,0.6513548646660542,0.7306879891317124,0.0,0.0,0.13043478260869565,0.21739130434782608,0.025,0.0,0.0,0.0,1.0,0.0,0.0,0.0,0.0,0.0,56.0,3.0,0.31666666666666665,0.0617283950617284,0.0617283950617284,16.2,2.785011242238338,0.7142857142857143,0.7127499164051478,,0,0.0,0.0,0.0,0.0,0.0,0.04297163220108845,0.32142857142857145,0.2261904761904762,0.45,0.45,0.0,0.265625,0.0,5.0,0.0,3.0,5.0,0.0,3.0,0.0,0.0,0.0,0.0,0.0,0.0,1.0,6.2,6.409999999999999,29.0,1326.78,164.0,0.0,0.0,0.0,0.0,0.0,,,ISTANBUL
